<?xml version="1.0"?>
<doc>
    <assembly>
        <name>Microsoft.Azure.WebJobs</name>
    </assembly>
    <members>
        <member name="T:Microsoft.Azure.WebJobs.Description.AppSettingAttribute">
            <summary>
            Place this on binding attributes properties to tell the binders that that the property
            should be automatically resolved as an app setting
            </summary>
        </member>
        <member name="M:Microsoft.Azure.WebJobs.Description.AppSettingAttribute.#ctor">
            <summary>
            Creates a new instance.
            </summary>
        </member>
        <member name="P:Microsoft.Azure.WebJobs.Description.AppSettingAttribute.Default">
            <summary>
            The default app setting name to use, if none specified
            </summary>
        </member>
        <member name="T:Microsoft.Azure.WebJobs.Description.AutoResolveAttribute">
            <summary>
            Attribute used to indicate that a binding attribute property should have
            automatic resolution of {} and %% binding expressions applied.
            </summary>
        </member>
        <member name="M:Microsoft.Azure.WebJobs.Description.AutoResolveAttribute.#ctor">
            <summary>
            Initializes a new instance of the <see cref="T:Microsoft.Azure.WebJobs.Description.AutoResolveAttribute"/> class.
            </summary>
        </member>
        <member name="P:Microsoft.Azure.WebJobs.Description.AutoResolveAttribute.ResolutionPolicyType">
            <summary>
            Gets or sets a type to use for runtime binding resolution. That type must derive from IResolutionPolicy, found
            in the Microsoft.Azure.WebJobs.Host assembly.
            </summary>
        </member>
        <member name="P:Microsoft.Azure.WebJobs.Description.AutoResolveAttribute.Default">
            <summary>
            Gets or sets a default value if the property is empty.
            The default value only has access to the {sys} binding data.
            </summary>
        </member>
        <member name="T:Microsoft.Azure.WebJobs.Description.BindingAttribute">
            <summary>
            Place this on an attribute to note that it's a binding attribute. 
            An extension should then claim this and bind it. 
            </summary>
        </member>
        <member name="P:Microsoft.Azure.WebJobs.Description.BindingAttribute.TriggerHandlesReturnValue">
            <summary>
            Indicates that a trigger binding is capable of handling return values
            from a function.
            </summary>
            $$$ Review this
        </member>
        <member name="T:Microsoft.Azure.WebJobs.Description.ConnectionStringAttribute">
            <summary>
            Place this on binding attributes properties to tell the binders that that the property
            should be automatically resolved as a connection string.
            </summary>
        </member>
        <member name="M:Microsoft.Azure.WebJobs.Description.ConnectionStringAttribute.#ctor">
            <summary>
            Creates a new instance.
            </summary>
        </member>
        <member name="P:Microsoft.Azure.WebJobs.Description.ConnectionStringAttribute.Default">
            <summary>
            The default connection string name to use, if none specified
            </summary>
        </member>
        <member name="T:Microsoft.Azure.WebJobs.Description.ExtensionAttribute">
            <summary>
            Attribute used to mark types belonging to a single logical extension.
            </summary>
        </member>
        <member name="M:Microsoft.Azure.WebJobs.Description.ExtensionAttribute.#ctor(System.String,System.String)">
            <summary>
            Creates an instance of the <see cref="T:Microsoft.Azure.WebJobs.Description.ExtensionAttribute"/>.
            </summary>
            <param name="name">The friendly, human readable, name of the extension.</param>
            <param name="configurationSection">The name of the configuration section for this extension.</param>
        </member>
        <member name="P:Microsoft.Azure.WebJobs.Description.ExtensionAttribute.Name">
            <summary>
            Gets the friendly human readable name of the extension.
            </summary>
        </member>
        <member name="P:Microsoft.Azure.WebJobs.Description.ExtensionAttribute.ConfigurationSection">
            <summary>
            Gets the configuration section name for this extension.
            </summary>
        </member>
        <member name="T:Microsoft.Azure.WebJobs.Description.IAttributeInvokeDescriptor`1">
            <summary>
            Describes how an attribute is converted to and from an string-representation that can be both logged 
            and used to invoke this function instance later. 
            An attribute may implement this interface, or a default implementation may be inferred. 
            </summary>
            <typeparam name="TAttribute">Type of the attribute on this binding.</typeparam>
        </member>
        <member name="M:Microsoft.Azure.WebJobs.Description.IAttributeInvokeDescriptor`1.ToInvokeString">
            <summary>
            Get a string representation of this resolved attribute which can be logged and fed to FromInvokeString.
            </summary>
            <returns></returns>
        </member>
        <member name="M:Microsoft.Azure.WebJobs.Description.IAttributeInvokeDescriptor`1.FromInvokeString(System.String)">
            <summary>
            Hydrate a resolved attribute from an invoke string which can then be used to create a binding. 
            </summary>
            <param name="invokeString">String representation of this argument</param>
            <returns></returns>
        </member>
        <member name="T:Microsoft.Azure.WebJobs.BinderExtensions">
            <summary>Provides extension methods for the <see cref="T:Microsoft.Azure.WebJobs.IBinder"/> interface.</summary>
        </member>
        <member name="M:Microsoft.Azure.WebJobs.BinderExtensions.Bind``1(Microsoft.Azure.WebJobs.IBinder,System.Attribute)">
            <summary>Binds the specified attribute.</summary>
            <typeparam name="T">The type to which to bind.</typeparam>
            <param name="binder">The binder to use to bind.</param>
            <param name="attribute">The attribute to bind.</param>
            <returns>The value bound.</returns>
        </member>
        <member name="T:Microsoft.Azure.WebJobs.ConnectionProviderAttribute">
            <summary>
            For Attributes that implement <see cref="T:Microsoft.Azure.WebJobs.IConnectionProvider"/> this attribute can be
            applied to the Attribute to specify the attribute Type used for hierarchical
            declarative overrides.
            </summary>
        </member>
        <member name="M:Microsoft.Azure.WebJobs.ConnectionProviderAttribute.#ctor(System.Type)">
            <summary>
            Creates a new instance using the specified provider type.
            </summary>
            <param name="providerType">The Type of the provider.</param>
        </member>
        <member name="P:Microsoft.Azure.WebJobs.ConnectionProviderAttribute.ProviderType">
            <summary>
            Gets the type of the override provider.
            </summary>
        </member>
        <member name="T:Microsoft.Azure.WebJobs.DisableAttribute">
            <summary>
            Attribute that can be applied to job functions, trigger parameters and classes
            to conditionally disable triggered functions.
            <remarks>
            <para>
            For example, by using this attribute, you can dynamically disable functions temporarily
            by changing application settings. Note that the disable check is done on startup only.
            If a <see cref="T:Microsoft.Azure.WebJobs.DisableAttribute"/> in the hierarchy (Parameter/Method/Class) exists and
            indicates that the function should be disabled, the listener for that function will not be
            started. The attribute only affects triggered functions.
            </para>
            <para>
            Additionally, when running in an Azure Web App, you can set app setting WEBJOBS_STOPPED to 1
            to completely disable the JobHost. In this case the JobHost won't even be started.
            </para>
            </remarks>
            </summary>
        </member>
        <member name="M:Microsoft.Azure.WebJobs.DisableAttribute.#ctor">
            <summary>
            Constructs a new instance.
            </summary>
        </member>
        <member name="M:Microsoft.Azure.WebJobs.DisableAttribute.#ctor(System.String)">
            <summary>
            Constructs a new instance.
            </summary>
            <param name="settingName">The name of an application setting or environment variable that
            governs whether the function(s) should be disabled. If the specified setting exists and its
            value is "1" or "True", the function will be disabled. The setting name can contain binding
            parameters (e.g. {MethodName}, {MethodShortName}, %test%, etc.).</param>
        </member>
        <member name="M:Microsoft.Azure.WebJobs.DisableAttribute.#ctor(System.Type)">
            <summary>
            Constructs a new instance.
            </summary>
            <param name="providerType">A Type which implements a method named "IsDisabled" taking
            a <see cref="T:System.Reflection.MethodInfo"/> and returning <see cref="T:System.Boolean"/>. This
            function will be called to determine whether the target function should be disabled.
            </param>
        </member>
        <member name="P:Microsoft.Azure.WebJobs.DisableAttribute.SettingName">
            <summary>
            Gets the name of the application setting or environment variable that will
            be used to determine whether the function(s) should be disabled.
            </summary>
        </member>
        <member name="P:Microsoft.Azure.WebJobs.DisableAttribute.ProviderType">
            <summary>
            Gets the custom <see cref="T:System.Type"/> that will be invoked to determine
            whether the function(s) should be disabled.
            </summary>
        </member>
        <member name="T:Microsoft.Azure.WebJobs.FunctionNameAttribute">
            <summary>
            Attribute used to indicate the name to use for a job function.
            </summary>
        </member>
        <member name="M:Microsoft.Azure.WebJobs.FunctionNameAttribute.#ctor(System.String)">
            <summary>
            Initializes a new instance of the <see cref="T:Microsoft.Azure.WebJobs.FunctionNameAttribute"/> class with a given name.
            </summary>
            <param name="name">Name of the function.</param>
        </member>
        <member name="P:Microsoft.Azure.WebJobs.FunctionNameAttribute.Name">
            <summary>
            Gets the function name.
            </summary>
        </member>
        <member name="F:Microsoft.Azure.WebJobs.FunctionNameAttribute.FunctionNameValidationRegex">
            <summary>
            Validation for name. 
            RegexOptions.Compiled is specifically removed as it impacts the cold start.
            </summary>
        </member>
        <member name="T:Microsoft.Azure.WebJobs.IAsyncCollector`1">
            <summary>
            Defines an asynchronous collector (an insert-only collection).
            </summary>
            <typeparam name="T">The type of items to collect.</typeparam>
        </member>
        <member name="M:Microsoft.Azure.WebJobs.IAsyncCollector`1.AddAsync(`0,System.Threading.CancellationToken)">
            <summary>
            Adds an item to the <see cref="T:Microsoft.Azure.WebJobs.IAsyncCollector`1"/>.
            </summary>
            <param name="item">The item to be added.</param>
            <param name="cancellationToken">The token to monitor for cancellation requests.</param>
            <returns>A task that will add the item to the collector.</returns>
        </member>
        <member name="M:Microsoft.Azure.WebJobs.IAsyncCollector`1.FlushAsync(System.Threading.CancellationToken)">
            <summary>
            Flush all the events accumulated so far. 
            This can be an empty operation if the messages are not batched. 
            </summary>
            <param name="cancellationToken">The token to monitor for cancellation requests.</param>
            <returns></returns>
        </member>
        <member name="T:Microsoft.Azure.WebJobs.IBinder">
            <summary>
            Interface defining functionality for dynamically binding to WebJobs SDK attributes
            at runtime.
            </summary>
            <remarks>This interface enables imperative binding with attribute information specified at runtime.</remarks>
        </member>
        <member name="M:Microsoft.Azure.WebJobs.IBinder.BindAsync``1(System.Attribute,System.Threading.CancellationToken)">
            <summary>
            Binds the specified attribute.
            </summary>
            <typeparam name="T">The type to bind to.</typeparam>
            <param name="attribute">The attribute to bind.</param>
            <param name="cancellationToken">The token to monitor for cancellation requests.</param>
            <returns>A <see cref="T:System.Threading.Tasks.Task"/> that will provide the bound the value.</returns>
        </member>
        <member name="T:Microsoft.Azure.WebJobs.ICollector`1">
            <summary>
            Defines a collector (an insert-only collection).
            </summary>
            <typeparam name="T">The type of items to collect.</typeparam>
        </member>
        <member name="M:Microsoft.Azure.WebJobs.ICollector`1.Add(`0)">
            <summary>
            Adds an item to the <see cref="T:Microsoft.Azure.WebJobs.ICollector`1"/>.
            </summary>
            <param name="item">The item to be added.</param>
        </member>
        <member name="T:Microsoft.Azure.WebJobs.IConnectionProvider">
            <summary>
            Interface for providing a connection string name.
            </summary>
        </member>
        <member name="P:Microsoft.Azure.WebJobs.IConnectionProvider.Connection">
            <summary>
            Gets or sets the app setting name that contains the connection string.
            </summary>
        </member>
        <member name="T:Microsoft.Azure.WebJobs.NoAutomaticTriggerAttribute">
            <summary>
            Attribute used to mark a job function that will not be automatically triggered.
            </summary>
            <remarks>
            This attribute is useful in two cases:
            <list type="number">
            <item>
            <term>Functions with triggers</term>
            <description>Prevents automatic invocation of the triggers, allowing manual polling.</description>
            </item>
            <item>
            <term>Functions without other attributes</term>
            <description>Flags the function as an available job function.</description>
            </item>
            </list>
            In both cases, functions marked with this attribute are never called automatically by JobHost when running.
            Instead, they must be invoked manually using the Call method.
            </remarks>
        </member>
        <member name="T:Microsoft.Azure.WebJobs.ParameterBindingData">
            <summary>
            Represents data a parameter binding provides that can be used by a function to perform the bind operation to the target itself.
            </summary>
        </member>
        <member name="M:Microsoft.Azure.WebJobs.ParameterBindingData.#ctor(System.String,System.String,System.BinaryData,System.String)">
            <summary>Initializes a new instance of the <see cref="T:Microsoft.Azure.WebJobs.ParameterBindingData"/> class</summary>
            <param name="version">The version of the binding data content</param>
            <param name="source">Identifies the extension the binding data is coming from</param>
            <param name="content">BinaryData containing the binding data</param>
            <param name="contentType">Content type of the binding data payload</param>
            <exception cref="T:System.ArgumentNullException">Throws if version, source, content or contentType is null.</exception>
        </member>
        <member name="P:Microsoft.Azure.WebJobs.ParameterBindingData.Version">
            <summary>
            The version of the binding data content
            </summary>
        </member>
        <member name="P:Microsoft.Azure.WebJobs.ParameterBindingData.Source">
            <summary>
            The extension source of the binding data i.e CosmosDB, AzureStorageBlobs
            </summary>
        </member>
        <member name="P:Microsoft.Azure.WebJobs.ParameterBindingData.Content">
            <summary>
            The binding data content.
            </summary>
        </member>
        <member name="P:Microsoft.Azure.WebJobs.ParameterBindingData.ContentType">
            <summary>
            The content type of the binding data content i.e. "application/json"
            </summary>
        </member>
        <member name="T:Microsoft.Azure.WebJobs.SingletonAttribute">
            <summary>
            This attribute can be applied to a job functions to ensure that only a single
            instance of the function is executed at any given time (even across host instances).
            A blob lease is used behind the scenes to implement the lock.
            <remarks>
            This attribute can also be used in <see cref="F:Microsoft.Azure.WebJobs.SingletonMode.Listener"/> mode to ensure that
            the listener for a triggered function is only running on a single instance. Trigger bindings
            can make this implicit by applying the attribute to their IListener implementation.
            Functions can override an implicit singleton by applying a singleton to their function with
            mode <see cref="F:Microsoft.Azure.WebJobs.SingletonMode.Listener"/>.
            </remarks>
            </summary>
        </member>
        <member name="M:Microsoft.Azure.WebJobs.SingletonAttribute.#ctor">
            <summary>
            Constructs a new instance.
            </summary>
        </member>
        <member name="M:Microsoft.Azure.WebJobs.SingletonAttribute.#ctor(System.String,Microsoft.Azure.WebJobs.SingletonScope)">
            <summary>
            Constructs a new instance using the specified scope settings.
            </summary>
            <param name="scopeId">The scope value for the singleton lock. This value can be used to implement
            finer grained locks by including binding parameters that bind to function input data.</param>
            <param name="scope">The <see cref="T:Microsoft.Azure.WebJobs.SingletonScope"/> to use. When set to <see cref="F:Microsoft.Azure.WebJobs.SingletonScope.Function"/>, the lock
            is only scoped to the specific function, meaning invocations of that function will be serialized. To implement locking across
            multiple functions, you can use <see cref="F:Microsoft.Azure.WebJobs.SingletonScope.Host"/> and apply the same attribute to multiple functions.
            Each function will then use the same lock, and invocations of all the functions will be serialized.
            The default value is <see cref="F:Microsoft.Azure.WebJobs.SingletonScope.Function"/>.
            </param>
        </member>
        <member name="P:Microsoft.Azure.WebJobs.SingletonAttribute.ScopeId">
            <summary>
            Gets the scope identifier for the singleton lock.
            </summary>
        </member>
        <member name="P:Microsoft.Azure.WebJobs.SingletonAttribute.Scope">
            <summary>
            Gets or sets the <see cref="T:Microsoft.Azure.WebJobs.SingletonScope"/> this singleton should use.
            Defaults to <see cref="F:Microsoft.Azure.WebJobs.SingletonScope.Function"/> if not explicitly specified.
            </summary>
        </member>
        <member name="P:Microsoft.Azure.WebJobs.SingletonAttribute.Mode">
            <summary>
            Gets or sets the <see cref="T:Microsoft.Azure.WebJobs.SingletonMode"/> this singleton should use.
            Defaults to <see cref="F:Microsoft.Azure.WebJobs.SingletonMode.Function"/> if not explicitly specified.
            </summary>
        </member>
        <member name="P:Microsoft.Azure.WebJobs.SingletonAttribute.Account">
            <summary>
            Gets the name of the Azure Storage account that the blob lease should be
            created in.
            </summary>
            <remarks>
            If not specified, the default AzureWebJobs storage account will be used.
            </remarks>
        </member>
        <member name="P:Microsoft.Azure.WebJobs.SingletonAttribute.LockAcquisitionTimeout">
            <summary>
            Gets or sets the timeout value in seconds for lock acquisition.
            If the lock is not obtained within this interval, the invocation will fail.
            When set, this value will override the corresponding global configuration
            value set in JobHostConfiguration.Singleton.
            </summary>
        </member>
        <member name="T:Microsoft.Azure.WebJobs.SingletonMode">
            <summary>
            Enumeration of modes that <see cref="T:Microsoft.Azure.WebJobs.SingletonAttribute"/> can
            operate in.
            </summary>
        </member>
        <member name="F:Microsoft.Azure.WebJobs.SingletonMode.Function">
            <summary>
            Indicates a singleton lock that is taken before each
            function invocation, and released immediately after.
            This is the default.
            </summary>
        </member>
        <member name="F:Microsoft.Azure.WebJobs.SingletonMode.Listener">
            <summary>
            Indicates a singleton lock that is taken when starting the
            listener for a triggered function. Using this mode, the listener
            (and therefore the function) will only be running on a single instance
            (when scaled out).
            </summary>
        </member>
        <member name="T:Microsoft.Azure.WebJobs.SingletonScope">
            <summary>
            Enumeration of values used to control the scope of Singleton locks.
            </summary>
        </member>
        <member name="F:Microsoft.Azure.WebJobs.SingletonScope.Function">
            <summary>
            Indicates a Singleton lock that is scoped a single function.
            </summary>
        </member>
        <member name="F:Microsoft.Azure.WebJobs.SingletonScope.Host">
            <summary>
            Indicates a Singleton lock that is scoped to the JobHost.
            <remarks>
            This is useful in scenarios where locking across multiple
            functions is desired. In this case the same attribute can
            be applied to multiple functions, and they'll share the
            same lock.
            </remarks>
            </summary>
        </member>
        <member name="T:Microsoft.Azure.WebJobs.StorageAccountAttribute">
            <summary>
            Attribute used to override the default Azure Storage account used by triggers and binders.
            </summary>
            <remarks>
            This attribute can be applied at the parameter/method/class level, and the precedence
            is in that order.
            </remarks>
        </member>
        <member name="M:Microsoft.Azure.WebJobs.StorageAccountAttribute.#ctor(System.String)">
            <summary>
            Constructs a new instance.
            </summary>
            <param name="account">A string value indicating the Azure Storage connection string to use. This
            string should be in one of the following formats. These checks will be applied in order and the
            first match wins.
            - The name of an "AzureWebJobs" prefixed app setting or connection string name. E.g., if your setting
              name is "AzureWebJobsMyStorage", you can specify "MyStorage" here.
            - Can be a string containing %% values (e.g. %StagingStorage%). The value provided will be passed
              to any INameResolver registered on the JobHostConfiguration to resolve the actual setting name to use.
            - Can be an app setting or connection string name of your choosing.
            </param>
        </member>
        <member name="P:Microsoft.Azure.WebJobs.StorageAccountAttribute.Account">
            <summary>
            Gets or sets the app setting name that contains the Azure Storage connection string.
            </summary>
        </member>
        <member name="P:Microsoft.Azure.WebJobs.StorageAccountAttribute.Microsoft#Azure#WebJobs#IConnectionProvider#Connection">
            <summary>
            Gets or sets the app setting name that contains the Azure Storage connection string.
            </summary>
        </member>
        <member name="T:Microsoft.Azure.WebJobs.TimeoutAttribute">
            <summary>
            Attribute that can be applied at the class or function level to limit the
            execution time of job functions. To receive the timeout cancellation, a function
            must include a <see cref="T:System.Threading.CancellationToken"/> parameter. Then, if a particular
            function invocation exceeds the timeout, the <see cref="T:System.Threading.CancellationToken"/>
            will be cancelled, and an error will be logged. The function should monitor
            the token for cancellation and abort when it is cancelled, and it should pass
            it to any async operations it initiates.
            </summary>
        </member>
        <member name="M:Microsoft.Azure.WebJobs.TimeoutAttribute.#ctor(System.String)">
            <summary>
            Constructs a new instance.
            </summary>
            <param name="timeout">The timeout limit as a <see cref="T:System.TimeSpan"/> string (e.g. "00:30:00").</param>
        </member>
        <member name="M:Microsoft.Azure.WebJobs.TimeoutAttribute.#ctor(System.String,System.String)">
            <summary>
            Constructs a new instance.
            </summary>
            <param name="timeout">The timeout limit as a <see cref="T:System.TimeSpan"/> string (e.g. "00:30:00").</param>
            <param name="gracePeriod">The gracePeriod as a <see cref="T:System.TimeSpan"/> string (e.g. "00:30:00").</param>
        </member>
        <member name="P:Microsoft.Azure.WebJobs.TimeoutAttribute.Timeout">
            <summary>
            Gets the timeout value.
            </summary>
        </member>
        <member name="P:Microsoft.Azure.WebJobs.TimeoutAttribute.TimeoutWhileDebugging">
            <summary>
            Gets or sets a value indicating whether function invocations will timeout when
            a <see cref="P:Microsoft.Azure.WebJobs.TimeoutAttribute.Timeout"/> is specified and a debugger is attached. False by default.
            </summary>
        </member>
        <member name="P:Microsoft.Azure.WebJobs.TimeoutAttribute.ThrowOnTimeout">
            <summary>
            When true, an exception is thrown when a function timeout expires.
            </summary>
        </member>
        <member name="P:Microsoft.Azure.WebJobs.TimeoutAttribute.GracePeriod">
            <summary>
            The amount of time to wait between canceling the timeout <see cref="T:System.Threading.CancellationToken"/> and throwing
            a FunctionTimeoutException. This gives functions time to perform any graceful shutdown. 
            Only applies if <see cref="P:Microsoft.Azure.WebJobs.TimeoutAttribute.ThrowOnTimeout"/> is true.
            </summary>
        </member>
    </members>
</doc>
